"relative_path","bytes","sha256"
"mmA_clip_text_concat/embedding/clip_image_embeds.pt","39364207","98E16A396BB4DD267620B4D3781C34144CB165D3723C75AACD9596C7798ABB86"
"mmA_clip_text_concat/embedding/mmA_text_clip_concat_embeds.pt","118089327","D4D5468AF23126C9E6751AD8D71F1C0D8A3A6523CCF75919ABBA9B8DCD656A1D"
"mmA_clip_text_concat/semantic_id/semantic_ids.pt","1231847","B0FD3EBF9528B7A683966367DBCFC5884BF737FFEC029B0EA488774CA9898E01"
"mmB_qwen3vl_2B/embedding/mmB_qwen3vl_2B_embeds.pt","157451908","AA88F6E57147D8E87C413E0F53B030B3DA4ABEC050DEC60B58EA74B9AD4A9899"
"mmB_qwen3vl_2B/semantic_id/semantic_ids.pt","1231847","1A6354FC93A2155753B33CCFCFFB9288FF080559F6604BC7E3229049F4C986A5"
"text_qwen3_0.6B/embedding/qwen3_text_0.6B_embeds.pt","78726887","11D93FEE18981AF62A8FB00B3DCCA86DC60EDCC02D8FBA4B2ECC653D1B01E467"
"text_qwen3_0.6B/semantic_id/semantic_ids.pt","1231847","F93DE483D3F683DC5C063ACD368CEF73CF38E4638DE1833F83F2FD46A6320794"
"text_qwen3_8B/embedding/qwen3_text_8B_embeds.pt","629802720","7B852F433258DD526A55279196E968A1E85AC9129534E5F49E619BDD5A9C400C"
"text_qwen3_8B/semantic_id/semantic_ids.pt","1231847","1374809E1EDB85AC8A6454889FC416DEF7E4F98053B7EA47A8FDD80E1336FB7E"
